<?xml version="1.0" encoding="utf-8"?>

<games>
	<category title='Games'>
		<game>
			<title>Sample game</title>
			<banner>banner/sample_banner.png</banner>
			<executable></executable>
			<parameters></parameters>
		</game>
		
		<game>
			<title>Itch.io Featured</title>
			<banner>banner/sample_itchioFeatured.swf</banner>
			<executable>https://itch.io/games</executable>
			<parameters></parameters>
		</game>
		
		<!-- SAMPLE
		
		<game>
			<title>Doom</title>
			<banner>banner/doom.png</banner>
			<executable>C:\Games\Doom\doom.exe</executable>
			<parameters>-warp 1 1</parameters>
		</game>
		
		!-->
	</category>
	
	<category title='Samples'>
		<game>
			<title>BARB</title>
			<banner>banner/sample_barb.png</banner>
			<executable>https://kenney.itch.io/barb</executable>
			<parameters></parameters>
		</game>
		
		<game>
			<title>Parkitect</title>
			<banner>banner/sample_parkitect.png</banner>
			<executable>http://themeparkitect.com/</executable>
			<parameters></parameters>
		</game>
		
		<game>
			<title>The Night's Willow</title>
			<banner>banner/sample_thenightswillow.png</banner>
			<executable>http://thenightswillow.com/</executable>
			<parameters></parameters>
		</game>
	</category>
</games>